Parameter Name;Value
General Information;
Sample name:;Soil_Samples_JKI
Additional Soil Paramters;
Density [g/cm3]:;1.62
Porosity [-]:;0.39
Wiederholungen;
Sample name 0:;
Sample name 1:;269.br
Sample name 2:;300.br
Sample name 3:;455.br
Sample name 4:;
Sample name 5:;
Sample name 6:;
Sample name 7:;
Fitting Parameters;
wtheta;1
wk;0.001
Fitting;
Model Description;traditional unconstrained van Genuchten-Mualem model
Notes;
General data;
- Site coordinates;
- Sampling date;
- Site description;
- Soil type;
- Land use;
Soil physical data;
- Texture (%clay, %silt, %sand);
- Soil texture class;
- Sampling depth;
- Organic carbon content;
Sample preparation and handling;
- Initial saturation procedure;
- Swelling handling (suppressed, not suppressed, under load);
pF [-];Water Content [Vol%];Weight [-]
0.146;33.42;
0.342;33.44;
0.33;33.42;
0.309;33.4;
0.417;33.36;
0.434;33.32;
0.474;33.28;
0.543;33.22;
0.569;33.16;
0.584;33.1;
0.594;33.03;
0.609;32.96;
0.617;32.88;
0.626;32.81;
0.708;32.73;
0.815;32.65;
0.908;32.58;
1.004;32.5;
1.082;32.43;
1.103;32.35;
1.11;32.28;
1.146;32.21;
1.164;32.14;
1.119;32.07;
1.074;31.99;
1.08;31.92;
1.108;31.84;
1.181;31.75;
1.25;31.65;
1.247;31.54;
1.221;31.42;
1.239;31.28;
1.271;31.14;
1.287;31;
1.267;30.85;
1.289;30.7;
1.341;30.54;
1.366;30.37;
1.39;30.21;
1.414;30.03;
1.436;29.85;
1.458;29.67;
1.482;29.48;
1.505;29.29;
1.528;29.1;
1.551;28.9;
1.572;28.69;
1.594;28.48;
1.617;28.27;
1.638;28.05;
1.659;27.83;
1.678;27.6;
1.698;27.37;
1.717;27.14;
1.732;26.9;
1.747;26.67;
1.756;26.42;
1.766;26.18;
1.784;25.94;
1.803;25.69;
1.822;25.44;
1.838;25.19;
1.849;24.94;
1.859;24.69;
1.87;24.43;
1.882;24.18;
1.896;23.93;
1.912;23.68;
1.932;23.43;
1.952;23.17;
1.971;22.91;
1.991;22.64;
2.011;22.36;
2.033;22.08;
2.056;21.8;
2.079;21.51;
2.103;21.22;
2.128;20.92;
2.153;20.62;
2.18;20.32;
2.207;20.01;
2.236;19.7;
2.267;19.38;
2.3;19.06;
2.334;18.74;
2.369;18.41;
2.404;18.09;
2.44;17.76;
2.477;17.42;
2.513;17.09;
2.551;16.75;
2.591;16.42;
2.633;16.08;
2.675;15.74;
2.718;15.41;
2.761;15.07;
2.803;14.74;
2.844;14.4;
2.885;14.07;
-0.373;37.97;
-0.005;37.97;
0.018;37.96;
0.016;37.94;
0.073;37.92;
0.113;37.89;
0.145;37.86;
0.175;37.82;
0.203;37.77;
0.238;37.72;
0.28;37.67;
0.33;37.61;
0.385;37.54;
0.455;37.47;
0.539;37.39;
0.643;37.31;
0.793;37.22;
0.939;37.13;
1.052;37.03;
1.149;36.93;
1.236;36.82;
1.314;36.71;
1.368;36.6;
1.411;36.48;
1.438;36.36;
1.426;36.23;
1.452;36.1;
1.451;35.97;
1.403;35.83;
1.369;35.69;
1.394;35.55;
1.446;35.4;
1.382;35.25;
1.37;35.09;
1.421;34.94;
1.464;34.77;
1.526;34.61;
1.53;34.44;
1.531;34.26;
1.561;34.09;
1.595;33.91;
1.615;33.72;
1.629;33.53;
1.65;33.33;
1.666;33.14;
1.682;32.93;
1.699;32.72;
1.713;32.5;
1.728;32.28;
1.739;32.05;
1.751;31.81;
1.768;31.57;
1.783;31.32;
1.796;31.06;
1.808;30.8;
1.819;30.54;
1.83;30.27;
1.842;30;
1.855;29.72;
1.866;29.44;
1.879;29.15;
1.891;28.86;
1.902;28.55;
1.915;28.25;
1.928;27.93;
1.941;27.61;
1.954;27.29;
1.966;26.95;
1.98;26.62;
1.994;26.27;
2.008;25.92;
2.023;25.57;
2.039;25.2;
2.054;24.84;
2.073;24.46;
2.095;24.08;
2.117;23.68;
2.139;23.28;
2.16;22.87;
2.182;22.46;
2.205;22.04;
2.229;21.62;
2.254;21.2;
2.28;20.79;
2.307;20.37;
2.336;19.95;
2.365;19.52;
2.396;19.09;
2.429;18.65;
2.464;18.2;
2.499;17.76;
2.537;17.32;
2.576;16.88;
2.617;16.44;
2.659;16.02;
2.703;15.61;
2.748;15.21;
2.795;14.83;
2.841;14.48;
0.562;40.91;
0.562;40.9;
0.563;40.89;
0.566;40.87;
0.571;40.85;
0.578;40.83;
0.583;40.79;
0.591;40.76;
0.601;40.71;
0.611;40.67;
0.626;40.61;
0.648;40.55;
0.677;40.49;
0.712;40.42;
0.766;40.35;
0.853;40.27;
0.919;40.19;
0.989;40.1;
1.078;40.02;
1.152;39.92;
1.217;39.83;
1.283;39.73;
1.346;39.62;
1.392;39.52;
1.433;39.41;
1.461;39.3;
1.49;39.18;
1.528;39.06;
1.496;38.94;
1.416;38.81;
1.452;38.69;
1.538;38.55;
1.522;38.42;
1.541;38.28;
1.614;38.14;
1.583;38;
1.569;37.86;
1.624;37.71;
1.653;37.55;
1.668;37.4;
1.684;37.24;
1.698;37.07;
1.669;36.9;
1.652;36.73;
1.68;36.55;
1.699;36.36;
1.718;36.17;
1.729;35.97;
1.736;35.77;
1.748;35.55;
1.764;35.33;
1.775;35.1;
1.785;34.86;
1.794;34.62;
1.802;34.38;
1.81;34.12;
1.817;33.87;
1.825;33.61;
1.835;33.34;
1.843;33.08;
1.851;32.81;
1.86;32.53;
1.869;32.26;
1.877;31.98;
1.886;31.7;
1.896;31.41;
1.905;31.12;
1.913;30.82;
1.922;30.52;
1.932;30.21;
1.942;29.9;
1.953;29.57;
1.963;29.24;
1.975;28.9;
1.987;28.56;
2.002;28.2;
2.016;27.83;
2.03;27.45;
2.043;27.06;
2.057;26.67;
2.072;26.27;
2.088;25.87;
2.105;25.47;
2.122;25.08;
2.14;24.68;
2.161;24.28;
2.182;23.87;
2.203;23.46;
2.226;23.05;
2.25;22.64;
2.275;22.22;
2.301;21.8;
2.329;21.38;
2.358;20.96;
2.389;20.54;
2.422;20.12;
2.456;19.71;
2.493;19.29;
2.531;18.88;
-2;38.14;
-2;38.13;
-2;38.11;
0.13;38.09;
0.382;38.06;
0.546;38.02;
0.626;37.98;
0.642;37.94;
0.65;37.89;
0.665;37.83;
0.693;37.77;
0.77;37.7;
0.887;37.63;
1.014;37.55;
1.135;37.46;
1.248;37.37;
1.335;37.28;
1.296;37.18;
1.243;37.07;
1.297;36.96;
1.336;36.84;
1.327;36.72;
1.321;36.59;
1.34;36.46;
1.346;36.32;
1.357;36.18;
1.312;36.03;
1.326;35.88;
1.367;35.73;
1.363;35.57;
1.401;35.4;
1.432;35.23;
1.461;35.05;
1.493;34.87;
1.523;34.68;
1.554;34.49;
1.573;34.3;
1.593;34.1;
1.62;33.89;
1.641;33.68;
1.664;33.47;
1.688;33.25;
1.708;33.02;
1.72;32.79;
1.736;32.56;
1.754;32.32;
1.766;32.08;
1.775;31.83;
1.782;31.58;
1.789;31.33;
1.798;31.07;
1.805;30.8;
1.813;30.53;
1.82;30.26;
1.824;29.98;
1.83;29.7;
1.837;29.41;
1.845;29.12;
1.853;28.82;
1.863;28.52;
1.873;28.21;
1.885;27.89;
1.899;27.56;
1.91;27.23;
1.921;26.88;
1.932;26.53;
1.944;26.18;
1.956;25.81;
1.97;25.44;
1.984;25.06;
1.999;24.68;
2.015;24.29;
2.033;23.89;
2.051;23.49;
2.067;23.08;
2.085;22.66;
2.106;22.24;
2.128;21.82;
2.155;21.39;
2.184;20.96;
2.214;20.52;
2.243;20.09;
2.272;19.65;
2.302;19.2;
2.333;18.76;
2.366;18.32;
2.4;17.87;
2.436;17.43;
2.475;16.99;
2.516;16.55;
2.557;16.12;
2.598;15.68;
2.64;15.26;
2.685;14.83;
2.733;14.42;
2.779;14.01;
2.828;13.62;
2.876;13.23;
-2;34.58;
0.179;34.54;
0.467;34.49;
0.645;34.43;
0.775;34.37;
0.881;34.3;
0.974;34.23;
1.06;34.16;
1.137;34.08;
1.211;33.99;
1.279;33.9;
1.349;33.81;
1.419;33.71;
1.328;33.61;
1.177;33.5;
1.217;33.39;
1.254;33.27;
1.292;33.15;
1.342;33.02;
1.373;32.89;
1.354;32.76;
1.358;32.62;
1.408;32.47;
1.45;32.33;
1.492;32.17;
1.521;32.02;
1.549;31.86;
1.587;31.69;
1.62;31.52;
1.643;31.35;
1.661;31.17;
1.68;30.99;
1.698;30.8;
1.714;30.61;
1.726;30.42;
1.738;30.22;
1.75;30.01;
1.762;29.81;
1.771;29.59;
1.779;29.38;
1.788;29.16;
1.796;28.94;
1.803;28.71;
1.808;28.48;
1.812;28.24;
1.819;28;
1.827;27.76;
1.833;27.51;
1.837;27.26;
1.841;27;
1.847;26.75;
1.853;26.48;
1.86;26.21;
1.869;25.94;
1.878;25.66;
1.887;25.38;
1.899;25.09;
1.911;24.79;
1.923;24.48;
1.933;24.17;
1.943;23.85;
1.954;23.52;
1.966;23.19;
1.978;22.85;
1.99;22.5;
2.003;22.15;
2.017;21.79;
2.032;21.43;
2.049;21.06;
2.064;20.69;
2.078;20.31;
2.095;19.93;
2.115;19.54;
2.137;19.15;
2.163;18.75;
2.191;18.35;
2.222;17.95;
2.253;17.55;
2.285;17.14;
2.32;16.73;
2.357;16.32;
2.395;15.91;
2.435;15.51;
2.475;15.1;
2.516;14.69;
2.559;14.29;
2.601;13.89;
2.642;13.49;
2.683;13.1;
2.725;12.71;
2.769;12.33;
0.334;33.75;
0.321;33.75;
0.41;33.74;
0.488;33.73;
0.521;33.71;
0.551;33.69;
0.581;33.66;
0.643;33.63;
0.744;33.6;
0.843;33.56;
0.933;33.52;
1.015;33.47;
1.09;33.42;
1.163;33.37;
1.238;33.31;
1.237;33.24;
1.197;33.18;
1.237;33.1;
1.299;33.03;
1.327;32.95;
1.361;32.86;
1.414;32.77;
1.461;32.68;
1.499;32.58;
1.529;32.48;
1.536;32.37;
1.552;32.26;
1.577;32.15;
1.598;32.03;
1.634;31.91;
1.66;31.78;
1.683;31.65;
1.704;31.52;
1.72;31.38;
1.741;31.23;
1.762;31.08;
1.779;30.93;
1.794;30.77;
1.804;30.61;
1.815;30.44;
1.826;30.27;
1.836;30.09;
1.846;29.91;
1.855;29.73;
1.864;29.54;
1.874;29.34;
1.883;29.15;
1.891;28.94;
1.899;28.74;
1.906;28.53;
1.913;28.32;
1.92;28.1;
1.926;27.88;
1.933;27.66;
1.936;27.43;
1.941;27.2;
1.949;26.97;
1.958;26.73;
1.967;26.49;
1.974;26.25;
1.979;26.01;
1.984;25.76;
1.991;25.52;
2;25.27;
2.01;25.02;
2.022;24.77;
2.037;24.51;
2.052;24.25;
2.068;23.98;
2.087;23.71;
2.105;23.43;
2.123;23.14;
2.142;22.85;
2.162;22.55;
2.182;22.25;
2.203;21.95;
2.225;21.63;
2.247;21.32;
2.271;21;
2.296;20.67;
2.323;20.34;
2.351;20.01;
2.378;19.67;
2.406;19.33;
2.436;18.98;
2.467;18.64;
2.499;18.29;
2.534;17.93;
2.572;17.58;
2.611;17.22;
2.648;16.87;
2.685;16.51;
2.721;16.16;
2.758;15.8;
2.796;15.44;
2.833;15.09;
2.871;14.74;
2.91;14.39;
2.948;14.04;
3.77;8.42;1
4.15;5.2;1
5.12;2.19;1
6.09;0.68;1
6.16;0.48;1
3.75;9.94;1
4.35;4.56;1
5.44;1.62;1
6.15;0.63;1
pF [-];log 10 K [cm/d];Weight [-]
1.912;-0.4;
1.932;-0.5;
1.952;-0.57;
1.971;-0.66;
1.991;-0.76;
2.011;-0.85;
2.033;-0.93;
2.056;-1;
2.079;-1.08;
2.103;-1.16;
2.128;-1.24;
2.153;-1.32;
2.18;-1.4;
2.207;-1.48;
2.236;-1.57;
2.267;-1.66;
2.3;-1.76;
2.334;-1.85;
2.369;-1.92;
2.404;-1.99;
2.44;-2.07;
2.477;-2.16;
2.513;-2.23;
2.551;-2.32;
2.591;-2.42;
2.633;-2.53;
2.675;-2.62;
2.718;-2.72;
2.761;-2.81;
2.803;-2.89;
2.844;-2.98;
2.885;-3.05;
2.054;-0.32;
2.073;-0.38;
2.095;-0.46;
2.117;-0.59;
2.139;-0.69;
2.16;-0.77;
2.182;-0.87;
2.205;-0.97;
2.229;-1.07;
2.254;-1.17;
2.28;-1.27;
2.307;-1.37;
2.336;-1.46;
2.365;-1.55;
2.396;-1.65;
2.429;-1.77;
2.464;-1.88;
2.499;-1.98;
2.537;-2.1;
2.576;-2.21;
2.617;-2.32;
2.659;-2.44;
2.703;-2.56;
2.748;-2.68;
2.795;-2.81;
2.841;-2.92;
2.057;-0.3;
2.072;-0.38;
2.088;-0.44;
2.105;-0.53;
2.122;-0.66;
2.14;-0.74;
2.161;-0.8;
2.182;-0.88;
2.203;-0.96;
2.226;-1.08;
2.25;-1.16;
2.275;-1.23;
2.301;-1.31;
2.329;-1.4;
2.358;-1.49;
2.389;-1.59;
2.422;-1.69;
2.456;-1.79;
2.493;-1.9;
2.531;-2.01;
2.015;-0.3;
2.033;-0.38;
2.051;-0.43;
2.067;-0.45;
2.085;-0.52;
2.106;-0.64;
2.128;-0.73;
2.155;-0.82;
2.184;-0.91;
2.214;-0.97;
2.243;-1.03;
2.272;-1.08;
2.302;-1.15;
2.333;-1.23;
2.366;-1.32;
2.4;-1.41;
2.436;-1.5;
2.475;-1.61;
2.516;-1.72;
2.557;-1.81;
2.598;-1.91;
2.64;-2.04;
2.685;-2.19;
2.733;-2.32;
2.779;-2.42;
2.828;-2.53;
2.876;-2.63;
2.003;-0.31;
2.017;-0.41;
2.032;-0.53;
2.049;-0.66;
2.064;-0.72;
2.078;-0.78;
2.095;-0.89;
2.115;-1.03;
2.137;-1.15;
2.163;-1.26;
2.191;-1.38;
2.222;-1.47;
2.253;-1.53;
2.285;-1.6;
2.32;-1.67;
2.357;-1.75;
2.395;-1.84;
2.435;-1.92;
2.475;-2.01;
2.516;-2.1;
2.559;-2.2;
2.601;-2.29;
2.642;-2.38;
2.683;-2.47;
2.725;-2.57;
2.769;-2.68;
2;-0.39;
2.01;-0.43;
2.022;-0.48;
2.037;-0.54;
2.052;-0.57;
2.068;-0.63;
2.087;-0.71;
2.105;-0.75;
2.123;-0.77;
2.142;-0.81;
2.162;-0.85;
2.182;-0.91;
2.203;-0.96;
2.225;-1.03;
2.247;-1.09;
2.271;-1.16;
2.296;-1.24;
2.323;-1.34;
2.351;-1.39;
2.378;-1.42;
2.406;-1.51;
2.436;-1.6;
2.467;-1.67;
2.499;-1.76;
2.534;-1.87;
2.572;-1.99;
2.611;-2.09;
2.648;-2.17;
2.685;-2.25;
2.721;-2.33;
2.758;-2.42;
2.796;-2.51;
2.833;-2.61;
2.871;-2.7;
2.91;-2.79;
2.948;-2.89;
Water Content [Vol%];log 10 K [cm/d]
23.68;-0.4
23.43;-0.5
23.17;-0.57
22.91;-0.66
22.64;-0.76
22.36;-0.85
22.08;-0.93
21.8;-1
21.51;-1.08
21.22;-1.16
20.92;-1.24
20.62;-1.32
20.32;-1.4
20.01;-1.48
19.7;-1.57
19.38;-1.66
19.06;-1.76
18.74;-1.85
18.41;-1.92
18.09;-1.99
17.76;-2.07
17.42;-2.16
17.09;-2.23
16.75;-2.32
16.42;-2.42
16.08;-2.53
15.74;-2.62
15.41;-2.72
15.07;-2.81
14.74;-2.89
14.4;-2.98
14.07;-3.05
24.84;-0.32
24.46;-0.38
24.08;-0.46
23.68;-0.59
23.28;-0.69
22.87;-0.77
22.46;-0.87
22.04;-0.97
21.62;-1.07
21.2;-1.17
20.79;-1.27
20.37;-1.37
19.95;-1.46
19.52;-1.55
19.09;-1.65
18.65;-1.77
18.2;-1.88
17.76;-1.98
17.32;-2.1
16.88;-2.21
16.44;-2.32
16.02;-2.44
15.61;-2.56
15.21;-2.68
14.83;-2.81
14.48;-2.92
26.67;-0.3
26.27;-0.38
25.87;-0.44
25.47;-0.53
25.08;-0.66
24.68;-0.74
24.28;-0.8
23.87;-0.88
23.46;-0.96
23.05;-1.08
22.64;-1.16
22.22;-1.23
21.8;-1.31
21.38;-1.4
20.96;-1.49
20.54;-1.59
20.12;-1.69
19.71;-1.79
19.29;-1.9
18.88;-2.01
24.29;-0.3
23.89;-0.38
23.49;-0.43
23.08;-0.45
22.66;-0.52
22.24;-0.64
21.82;-0.73
21.39;-0.82
20.96;-0.91
20.52;-0.97
20.09;-1.03
19.65;-1.08
19.2;-1.15
18.76;-1.23
18.32;-1.32
17.87;-1.41
17.43;-1.5
16.99;-1.61
16.55;-1.72
16.12;-1.81
15.68;-1.91
15.26;-2.04
14.83;-2.19
14.42;-2.32
14.01;-2.42
13.62;-2.53
13.23;-2.63
22.15;-0.31
21.79;-0.41
21.43;-0.53
21.06;-0.66
20.69;-0.72
20.31;-0.78
19.93;-0.89
19.54;-1.03
19.15;-1.15
18.75;-1.26
18.35;-1.38
17.95;-1.47
17.55;-1.53
17.14;-1.6
16.73;-1.67
16.32;-1.75
15.91;-1.84
15.51;-1.92
15.1;-2.01
14.69;-2.1
14.29;-2.2
13.89;-2.29
13.49;-2.38
13.1;-2.47
12.71;-2.57
12.33;-2.68
25.27;-0.39
25.02;-0.43
24.77;-0.48
24.51;-0.54
24.25;-0.57
23.98;-0.63
23.71;-0.71
23.43;-0.75
23.14;-0.77
22.85;-0.81
22.55;-0.85
22.25;-0.91
21.95;-0.96
21.63;-1.03
21.32;-1.09
21;-1.16
20.67;-1.24
20.34;-1.34
20.01;-1.39
19.67;-1.42
19.33;-1.51
18.98;-1.6
18.64;-1.67
18.29;-1.76
17.93;-1.87
17.58;-1.99
17.22;-2.09
16.87;-2.17
16.51;-2.25
16.16;-2.33
15.8;-2.42
15.44;-2.51
15.09;-2.61
14.74;-2.7
14.39;-2.79
14.04;-2.89
pF [-];Water Content [Vol%]
-3;36.08
-2.98;36.08
-2.96;36.08
-2.94;36.08
-2.92;36.08
-2.9;36.08
-2.88;36.08
-2.86;36.08
-2.84;36.08
-2.82;36.08
-2.8;36.08
-2.78;36.08
-2.76;36.08
-2.739;36.08
-2.719;36.08
-2.699;36.08
-2.679;36.08
-2.659;36.08
-2.639;36.08
-2.619;36.08
-2.599;36.08
-2.579;36.08
-2.559;36.08
-2.539;36.08
-2.519;36.08
-2.499;36.08
-2.479;36.08
-2.459;36.08
-2.439;36.08
-2.419;36.08
-2.399;36.08
-2.379;36.08
-2.359;36.08
-2.339;36.08
-2.319;36.08
-2.299;36.08
-2.279;36.08
-2.259;36.08
-2.238;36.08
-2.218;36.08
-2.198;36.08
-2.178;36.08
-2.158;36.08
-2.138;36.08
-2.118;36.08
-2.098;36.08
-2.078;36.08
-2.058;36.08
-2.038;36.08
-2.018;36.08
-1.998;36.08
-1.978;36.08
-1.958;36.08
-1.938;36.08
-1.918;36.08
-1.898;36.08
-1.878;36.08
-1.858;36.08
-1.838;36.08
-1.818;36.08
-1.798;36.08
-1.778;36.08
-1.758;36.08
-1.737;36.08
-1.717;36.08
-1.697;36.08
-1.677;36.08
-1.657;36.08
-1.637;36.08
-1.617;36.08
-1.597;36.08
-1.577;36.08
-1.557;36.08
-1.537;36.08
-1.517;36.08
-1.497;36.08
-1.477;36.08
-1.457;36.08
-1.437;36.08
-1.417;36.08
-1.397;36.08
-1.377;36.08
-1.357;36.08
-1.337;36.08
-1.317;36.08
-1.297;36.08
-1.277;36.08
-1.257;36.08
-1.236;36.08
-1.216;36.08
-1.196;36.08
-1.176;36.08
-1.156;36.08
-1.136;36.08
-1.116;36.08
-1.096;36.08
-1.076;36.08
-1.056;36.08
-1.036;36.08
-1.016;36.08
-0.996;36.08
-0.976;36.08
-0.956;36.08
-0.936;36.08
-0.916;36.08
-0.896;36.08
-0.876;36.08
-0.856;36.08
-0.836;36.08
-0.816;36.08
-0.796;36.08
-0.776;36.08
-0.756;36.08
-0.735;36.08
-0.715;36.08
-0.695;36.08
-0.675;36.08
-0.655;36.08
-0.635;36.08
-0.615;36.08
-0.595;36.08
-0.575;36.08
-0.555;36.08
-0.535;36.08
-0.515;36.08
-0.495;36.08
-0.475;36.08
-0.455;36.08
-0.435;36.08
-0.415;36.08
-0.395;36.08
-0.375;36.08
-0.355;36.08
-0.335;36.08
-0.315;36.08
-0.295;36.08
-0.275;36.08
-0.255;36.08
-0.234;36.08
-0.214;36.08
-0.194;36.08
-0.174;36.08
-0.154;36.08
-0.134;36.08
-0.114;36.08
-0.094;36.08
-0.074;36.08
-0.054;36.08
-0.034;36.08
-0.014;36.08
0.006;36.08
0.026;36.08
0.046;36.08
0.066;36.08
0.086;36.08
0.106;36.08
0.126;36.08
0.146;36.08
0.166;36.08
0.186;36.08
0.206;36.08
0.226;36.08
0.246;36.08
0.267;36.08
0.287;36.08
0.307;36.08
0.327;36.08
0.347;36.08
0.367;36.08
0.387;36.08
0.407;36.08
0.427;36.08
0.447;36.08
0.467;36.08
0.487;36.08
0.507;36.08
0.527;36.08
0.547;36.08
0.567;36.08
0.587;36.08
0.607;36.08
0.627;36.08
0.647;36.08
0.667;36.08
0.687;36.08
0.707;36.07
0.727;36.07
0.747;36.07
0.768;36.07
0.788;36.07
0.808;36.07
0.828;36.06
0.848;36.06
0.868;36.06
0.888;36.05
0.908;36.05
0.928;36.04
0.948;36.03
0.968;36.03
0.988;36.02
1.008;36.01
1.028;36
1.048;35.98
1.068;35.97
1.088;35.95
1.108;35.93
1.128;35.91
1.148;35.89
1.168;35.86
1.188;35.82
1.208;35.79
1.228;35.74
1.248;35.7
1.269;35.64
1.289;35.58
1.309;35.51
1.329;35.43
1.349;35.34
1.369;35.24
1.389;35.13
1.409;35
1.429;34.87
1.449;34.71
1.469;34.54
1.489;34.36
1.509;34.16
1.529;33.94
1.549;33.71
1.569;33.46
1.589;33.19
1.609;32.91
1.629;32.61
1.649;32.29
1.669;31.96
1.689;31.62
1.709;31.27
1.729;30.91
1.749;30.54
1.77;30.16
1.79;29.77
1.81;29.38
1.83;28.99
1.85;28.59
1.87;28.19
1.89;27.79
1.91;27.4
1.93;27
1.95;26.6
1.97;26.21
1.99;25.82
2.01;25.43
2.03;25.04
2.05;24.66
2.07;24.29
2.09;23.92
2.11;23.55
2.13;23.19
2.15;22.83
2.17;22.47
2.19;22.12
2.21;21.78
2.23;21.44
2.251;21.11
2.271;20.78
2.291;20.46
2.311;20.14
2.331;19.82
2.351;19.51
2.371;19.21
2.391;18.91
2.411;18.62
2.431;18.33
2.451;18.04
2.471;17.76
2.491;17.48
2.511;17.21
2.531;16.94
2.551;16.68
2.571;16.42
2.591;16.16
2.611;15.91
2.631;15.67
2.651;15.42
2.671;15.19
2.691;14.95
2.711;14.72
2.731;14.49
2.752;14.27
2.772;14.05
2.792;13.83
2.812;13.62
2.832;13.41
2.852;13.2
2.872;13
2.892;12.8
2.912;12.6
2.932;12.41
2.952;12.22
2.972;12.03
2.992;11.85
3.012;11.67
3.032;11.49
3.052;11.31
3.072;11.14
3.092;10.97
3.112;10.81
3.132;10.64
3.152;10.48
3.172;10.32
3.192;10.16
3.212;10.01
3.232;9.86
3.253;9.71
3.273;9.57
3.293;9.42
3.313;9.28
3.333;9.14
3.353;9
3.373;8.87
3.393;8.74
3.413;8.61
3.433;8.48
3.453;8.35
3.473;8.23
3.493;8.1
3.513;7.98
3.533;7.87
3.553;7.75
3.573;7.64
3.593;7.52
3.613;7.41
3.633;7.3
3.653;7.2
3.673;7.09
3.693;6.99
3.713;6.89
3.733;6.79
3.754;6.69
3.774;6.59
3.794;6.49
3.814;6.4
3.834;6.31
3.854;6.22
3.874;6.13
3.894;6.04
3.914;5.95
3.934;5.87
3.954;5.78
3.974;5.7
3.994;5.62
4.014;5.54
4.034;5.46
4.054;5.38
4.074;5.31
4.094;5.23
4.114;5.16
4.134;5.09
4.154;5.02
4.174;4.95
4.194;4.88
4.214;4.81
4.234;4.74
4.255;4.68
4.275;4.61
4.295;4.55
4.315;4.49
4.335;4.43
4.355;4.37
4.375;4.31
4.395;4.25
4.415;4.19
4.435;4.13
4.455;4.08
4.475;4.02
4.495;3.97
4.515;3.92
4.535;3.86
4.555;3.81
4.575;3.76
4.595;3.71
4.615;3.66
4.635;3.62
4.655;3.57
4.675;3.52
4.695;3.48
4.715;3.43
4.735;3.39
4.756;3.34
4.776;3.3
4.796;3.26
4.816;3.22
4.836;3.18
4.856;3.14
4.876;3.1
4.896;3.06
4.916;3.02
4.936;2.98
4.956;2.95
4.976;2.91
4.996;2.87
5.016;2.84
5.036;2.8
5.056;2.77
5.076;2.74
5.096;2.7
5.116;2.67
5.136;2.64
5.156;2.61
5.176;2.58
5.196;2.55
5.216;2.52
5.236;2.49
5.257;2.46
5.277;2.43
5.297;2.4
5.317;2.37
5.337;2.35
5.357;2.32
5.377;2.29
5.397;2.27
5.417;2.24
5.437;2.22
5.457;2.19
5.477;2.17
5.497;2.15
5.517;2.12
5.537;2.1
5.557;2.08
5.577;2.06
5.597;2.03
5.617;2.01
5.637;1.99
5.657;1.97
5.677;1.95
5.697;1.93
5.717;1.91
5.737;1.89
5.758;1.87
5.778;1.85
5.798;1.83
5.818;1.82
5.838;1.8
5.858;1.78
5.878;1.76
5.898;1.75
5.918;1.73
5.938;1.71
5.958;1.7
5.978;1.68
5.998;1.66
6.018;1.65
6.038;1.63
6.058;1.62
6.078;1.6
6.098;1.59
6.118;1.57
6.138;1.56
6.158;1.55
6.178;1.53
6.198;1.52
6.218;1.51
6.238;1.49
6.259;1.48
6.279;1.47
6.299;1.46
6.319;1.44
6.339;1.43
6.359;1.42
6.379;1.41
6.399;1.4
6.419;1.39
6.439;1.37
6.459;1.36
6.479;1.35
6.499;1.34
6.519;1.33
6.539;1.32
6.559;1.31
6.579;1.3
6.599;1.29
6.619;1.28
6.639;1.27
6.659;1.27
6.679;1.26
6.699;1.25
6.719;1.24
6.739;1.23
6.76;1.22
6.78;1.21
6.8;1.2
6.82;1.2
6.84;1.19
6.86;1.18
6.88;1.17
6.9;1.17
6.92;1.16
6.94;1.15
6.96;1.14
6.98;1.14
7;1.13
pF [-];log 10 K [cm/d]
-3;1.77
-2.97996;1.77
-2.95992;1.77
-2.93988;1.77
-2.91984;1.77
-2.8998;1.77
-2.87976;1.77
-2.85972;1.77
-2.839679;1.77
-2.819639;1.77
-2.799599;1.77
-2.779559;1.77
-2.759519;1.77
-2.739479;1.77
-2.719439;1.77
-2.699399;1.77
-2.679359;1.77
-2.659319;1.77
-2.639279;1.77
-2.619238;1.77
-2.599198;1.77
-2.579158;1.77
-2.559118;1.77
-2.539078;1.77
-2.519038;1.77
-2.498998;1.77
-2.478958;1.77
-2.458918;1.77
-2.438878;1.77
-2.418838;1.77
-2.398798;1.77
-2.378757;1.77
-2.358717;1.77
-2.338677;1.77
-2.318637;1.77
-2.298597;1.77
-2.278557;1.77
-2.258517;1.77
-2.238477;1.77
-2.218437;1.77
-2.198397;1.77
-2.178357;1.77
-2.158317;1.77
-2.138277;1.77
-2.118237;1.77
-2.098197;1.77
-2.078156;1.77
-2.058116;1.77
-2.038076;1.77
-2.018036;1.77
-1.997996;1.77
-1.977956;1.77
-1.957916;1.77
-1.937876;1.77
-1.917836;1.77
-1.897796;1.77
-1.877756;1.77
-1.857715;1.77
-1.837675;1.77
-1.817635;1.77
-1.797595;1.77
-1.777555;1.77
-1.757515;1.77
-1.737475;1.77
-1.717435;1.77
-1.697395;1.77
-1.677355;1.77
-1.657315;1.77
-1.637275;1.77
-1.617234;1.77
-1.597194;1.77
-1.577154;1.77
-1.557114;1.77
-1.537074;1.77
-1.517034;1.77
-1.496994;1.77
-1.476954;1.77
-1.456914;1.77
-1.436874;1.77
-1.416834;1.77
-1.396794;1.77
-1.376753;1.77
-1.356713;1.77
-1.336673;1.77
-1.316633;1.77
-1.296593;1.77
-1.276553;1.77
-1.256513;1.77
-1.236473;1.77
-1.216433;1.77
-1.196393;1.77
-1.176353;1.77
-1.156313;1.77
-1.136273;1.77
-1.116233;1.77
-1.096192;1.77
-1.076152;1.77
-1.056112;1.77
-1.036072;1.77
-1.016032;1.77
-0.995992;1.77
-0.9759519;1.77
-0.9559118;1.77
-0.9358717;1.77
-0.9158317;1.77
-0.8957916;1.77
-0.8757515;1.77
-0.8557114;1.77
-0.8356714;1.77
-0.8156313;1.77
-0.7955912;1.77
-0.7755511;1.77
-0.755511;1.77
-0.735471;1.77
-0.7154309;1.77
-0.6953908;1.77
-0.6753507;1.77
-0.6553106;1.77
-0.6352705;1.77
-0.6152304;1.77
-0.5951904;1.77
-0.5751503;1.77
-0.5551102;1.77
-0.5350701;1.77
-0.5150301;1.77
-0.49499;1.77
-0.4749499;1.77
-0.4549098;1.77
-0.4348697;1.77
-0.4148297;1.77
-0.3947896;1.77
-0.3747495;1.77
-0.3547094;1.77
-0.3346694;1.77
-0.3146293;1.77
-0.2945892;1.77
-0.2745491;1.77
-0.254509;1.77
-0.2344689;1.77
-0.2144289;1.77
-0.1943888;1.77
-0.1743487;1.77
-0.1543086;1.77
-0.1342685;1.77
-0.1142285;1.77
-0.09418838;1.77
-0.0741483;1.77
-0.05410822;1.77
-0.03406814;1.77
-0.01402806;1.77
0.006012024;1.77
0.0260521;1.77
0.04609219;1.77
0.06613226;1.77
0.08617234;1.77
0.1062124;1.77
0.1262525;1.77
0.1462926;1.77
0.1663327;1.77
0.1863727;1.77
0.2064128;1.77
0.2264529;1.77
0.246493;1.77
0.2665331;1.77
0.2865731;1.77
0.3066132;1.77
0.3266533;1.77
0.3466934;1.77
0.3667335;1.77
0.3867736;1.77
0.4068136;1.77
0.4268537;1.77
0.4468938;1.76
0.4669339;1.76
0.4869739;1.76
0.507014;1.76
0.5270541;1.76
0.5470942;1.76
0.5671343;1.76
0.5871744;1.76
0.6072145;1.76
0.6272545;1.76
0.6472946;1.76
0.6673347;1.76
0.6873748;1.76
0.7074148;1.76
0.7274549;1.76
0.747495;1.76
0.7675351;1.76
0.7875751;1.76
0.8076152;1.75
0.8276553;1.75
0.8476954;1.75
0.8677354;1.75
0.8877755;1.75
0.9078156;1.75
0.9278557;1.74
0.9478958;1.74
0.9679359;1.74
0.987976;1.74
1.008016;1.73
1.028056;1.73
1.048096;1.73
1.068136;1.72
1.088176;1.72
1.108216;1.71
1.128257;1.7
1.148297;1.7
1.168337;1.69
1.188377;1.68
1.208417;1.67
1.228457;1.66
1.248497;1.65
1.268537;1.64
1.288577;1.63
1.308617;1.62
1.328657;1.6
1.348697;1.58
1.368737;1.56
1.388778;1.54
1.408818;1.52
1.428858;1.5
1.448898;1.47
1.468938;1.44
1.488978;1.41
1.509018;1.38
1.529058;1.34
1.549098;1.3
1.569138;1.26
1.589178;1.22
1.609218;1.17
1.629259;1.12
1.649299;1.07
1.669339;1.02
1.689379;0.97
1.709419;0.91
1.729459;0.85
1.749499;0.79
1.769539;0.73
1.789579;0.66
1.809619;0.6
1.829659;0.53
1.849699;0.46
1.86974;0.39
1.88978;0.32
1.90982;0.25
1.92986;0.18
1.9499;0.11
1.96994;0.04
1.98998;-0.03
2.01002;-0.11
2.03006;-0.18
2.0501;-0.26
2.07014;-0.33
2.09018;-0.41
2.11022;-0.48
2.13026;-0.56
2.150301;-0.63
2.170341;-0.71
2.190381;-0.78
2.210421;-0.86
2.230461;-0.93
2.250501;-1.01
2.270541;-1.09
2.290581;-1.16
2.310621;-1.24
2.330661;-1.31
2.350701;-1.39
2.370741;-1.47
2.390782;-1.54
2.410822;-1.62
2.430862;-1.7
2.450902;-1.77
2.470942;-1.85
2.490982;-1.93
2.511022;-2
2.531062;-2.08
2.551102;-2.16
2.571142;-2.23
2.591182;-2.31
2.611223;-2.38
2.631263;-2.46
2.651303;-2.54
2.671343;-2.61
2.691383;-2.69
2.711423;-2.77
2.731463;-2.84
2.751503;-2.92
2.771543;-3
2.791583;-3.07
2.811623;-3.15
2.831663;-3.23
2.851703;-3.3
2.871743;-3.38
2.891783;-3.46
2.911824;-3.53
2.931864;-3.61
2.951904;-3.69
2.971944;-3.76
2.991984;-3.84
3.012024;-3.92
3.032064;-3.99
3.052104;-4.07
3.072144;-4.15
3.092184;-4.22
3.112224;-4.3
3.132265;-4.38
3.152305;-4.45
3.172345;-4.53
3.192385;-4.61
3.212425;-4.68
3.232465;-4.76
3.252505;-4.84
3.272545;-4.91
3.292585;-4.99
3.312625;-5.07
3.332665;-5.14
3.352705;-5.22
3.372746;-5.3
3.392786;-5.37
3.412826;-5.45
3.432866;-5.53
3.452906;-5.6
3.472946;-5.68
3.492986;-5.76
3.513026;-5.83
3.533066;-5.91
3.553106;-5.99
3.573146;-6.06
3.593186;-6.14
3.613226;-6.22
3.633266;-6.29
3.653307;-6.37
3.673347;-6.45
3.693387;-6.52
3.713427;-6.6
3.733467;-6.68
3.753507;-6.75
3.773547;-6.83
3.793587;-6.91
3.813627;-6.98
3.833667;-7.06
3.853707;-7.14
3.873748;-7.21
3.893788;-7.29
3.913828;-7.37
3.933868;-7.44
3.953908;-7.52
3.973948;-7.6
3.993988;-7.67
4.014028;-7.75
4.034068;-7.83
4.054108;-7.9
4.074148;-7.98
4.094188;-8.06
4.114228;-8.13
4.134269;-8.21
4.154309;-8.28
4.174349;-8.36
4.194389;-8.44
4.214429;-8.51
4.234469;-8.59
4.254509;-8.67
4.274549;-8.74
4.294589;-8.82
4.314629;-8.9
4.334669;-8.97
4.35471;-9.05
4.37475;-9.13
4.39479;-9.2
4.41483;-9.28
4.43487;-9.36
4.45491;-9.43
4.47495;-9.51
4.49499;-9.59
4.51503;-9.66
4.53507;-9.74
4.55511;-9.82
4.57515;-9.89
4.595191;-9.97
4.615231;-10.05
4.635271;-10.12
4.655311;-10.2
4.675351;-10.28
4.695391;-10.35
4.715431;-10.43
4.735471;-10.51
4.755511;-10.58
4.775551;-10.66
4.795591;-10.74
4.815631;-10.81
4.835671;-10.89
4.855711;-10.97
4.875751;-11.04
4.895792;-11.12
4.915832;-11.2
4.935872;-11.27
4.955912;-11.35
4.975952;-11.43
4.995992;-11.5
5.016032;-11.58
5.036072;-11.66
5.056112;-11.73
5.076152;-11.81
5.096192;-11.89
5.116232;-11.96
5.136272;-12.04
5.156312;-12.12
5.176353;-12.19
5.196393;-12.27
5.216433;-12.35
5.236473;-12.42
5.256513;-12.5
5.276553;-12.58
5.296593;-12.65
5.316633;-12.73
5.336673;-12.81
5.356713;-12.88
5.376753;-12.96
5.396793;-13.04
5.416834;-13.11
5.436874;-13.19
5.456914;-13.27
5.476954;-13.34
5.496994;-13.42
5.517034;-13.5
5.537074;-13.57
5.557114;-13.65
5.577154;-13.73
5.597194;-13.8
5.617235;-13.88
5.637275;-13.96
5.657315;-14.03
5.677355;-14.11
5.697395;-14.19
5.717435;-14.26
5.737475;-14.34
5.757515;-14.41
5.777555;-14.49
5.797595;-14.57
5.817635;-14.64
5.837676;-14.72
5.857716;-14.8
5.877756;-14.87
5.897796;-14.95
5.917836;-15.03
5.937876;-15.1
5.957916;-15.18
5.977956;-15.26
5.997996;-15.33
6.018036;-15.41
6.038076;-15.49
6.058116;-15.56
6.078156;-15.64
6.098197;-15.72
6.118237;-15.79
6.138277;-15.87
6.158317;-15.95
6.178357;-16.02
6.198397;-16.1
6.218437;-16.18
6.238477;-16.25
6.258517;-16.33
6.278557;-16.41
6.298597;-16.48
6.318637;-16.56
6.338677;-16.64
6.358717;-16.71
6.378757;-16.79
6.398798;-16.87
6.418838;-16.94
6.438878;-17.02
6.458918;-17.1
6.478958;-17.17
6.498998;-17.25
6.519038;-17.33
6.539078;-17.4
6.559118;-17.48
6.579158;-17.56
6.599198;-17.63
6.619238;-17.71
6.639278;-17.79
6.659318;-17.86
6.679358;-17.94
6.699399;-18.02
6.719439;-18.09
6.739479;-18.17
6.759519;-18.25
6.779559;-18.32
6.799599;-18.4
6.819639;-18.48
6.839679;-18.55
6.859719;-18.63
6.879759;-18.71
6.8998;-18.78
6.91984;-18.86
6.93988;-18.94
6.95992;-19.01
6.97996;-19.09
7;-19.17
Water Content [Vol%];log 10 K [cm/d]
36.08;1.77
36.08;1.77
36.08;1.77
36.08;1.77
36.08;1.77
36.08;1.77
36.08;1.77
36.08;1.77
36.08;1.77
36.08;1.77
36.08;1.77
36.08;1.77
36.08;1.77
36.08;1.77
36.08;1.77
36.08;1.77
36.08;1.77
36.08;1.77
36.08;1.77
36.08;1.77
36.08;1.77
36.08;1.77
36.08;1.77
36.08;1.77
36.08;1.77
36.08;1.77
36.08;1.77
36.08;1.77
36.08;1.77
36.08;1.77
36.08;1.77
36.08;1.77
36.08;1.77
36.08;1.77
36.08;1.77
36.08;1.77
36.08;1.77
36.08;1.77
36.08;1.77
36.08;1.77
36.08;1.77
36.08;1.77
36.08;1.77
36.08;1.77
36.08;1.77
36.08;1.77
36.08;1.77
36.08;1.77
36.08;1.77
36.08;1.77
36.08;1.77
36.08;1.77
36.08;1.77
36.08;1.77
36.08;1.77
36.08;1.77
36.08;1.77
36.08;1.77
36.08;1.77
36.08;1.77
36.08;1.77
36.08;1.77
36.08;1.77
36.08;1.77
36.08;1.77
36.08;1.77
36.08;1.77
36.08;1.77
36.08;1.77
36.08;1.77
36.08;1.77
36.08;1.77
36.08;1.77
36.08;1.77
36.08;1.77
36.08;1.77
36.08;1.77
36.08;1.77
36.08;1.77
36.08;1.77
36.08;1.77
36.08;1.77
36.08;1.77
36.08;1.77
36.08;1.77
36.08;1.77
36.08;1.77
36.08;1.77
36.08;1.77
36.08;1.77
36.08;1.77
36.08;1.77
36.08;1.77
36.08;1.77
36.08;1.77
36.08;1.77
36.08;1.77
36.08;1.77
36.08;1.77
36.08;1.77
36.08;1.77
36.08;1.77
36.08;1.77
36.08;1.77
36.08;1.77
36.08;1.77
36.08;1.77
36.08;1.77
36.08;1.77
36.08;1.77
36.08;1.77
36.08;1.77
36.08;1.77
36.08;1.77
36.08;1.77
36.08;1.77
36.08;1.77
36.08;1.77
36.08;1.77
36.08;1.77
36.08;1.77
36.08;1.77
36.08;1.77
36.08;1.77
36.08;1.77
36.08;1.77
36.08;1.77
36.08;1.77
36.08;1.77
36.08;1.77
36.08;1.77
36.08;1.77
36.08;1.77
36.08;1.77
36.08;1.77
36.08;1.77
36.08;1.77
36.08;1.77
36.08;1.77
36.08;1.77
36.08;1.77
36.08;1.77
36.08;1.77
36.08;1.77
36.08;1.77
36.08;1.77
36.08;1.77
36.08;1.77
36.08;1.77
36.08;1.77
36.08;1.77
36.08;1.77
36.08;1.77
36.08;1.77
36.08;1.77
36.08;1.77
36.08;1.77
36.08;1.77
36.08;1.77
36.08;1.77
36.08;1.77
36.08;1.77
36.08;1.77
36.08;1.77
36.08;1.77
36.08;1.77
36.08;1.77
36.08;1.77
36.08;1.77
36.08;1.77
36.08;1.77
36.08;1.77
36.08;1.76
36.08;1.76
36.08;1.76
36.08;1.76
36.08;1.76
36.08;1.76
36.08;1.76
36.08;1.76
36.08;1.76
36.08;1.76
36.08;1.76
36.08;1.76
36.08;1.76
36.07;1.76
36.07;1.76
36.07;1.76
36.07;1.76
36.07;1.76
36.07;1.75
36.06;1.75
36.06;1.75
36.06;1.75
36.05;1.75
36.05;1.75
36.04;1.74
36.03;1.74
36.03;1.74
36.02;1.74
36.01;1.73
36;1.73
35.98;1.73
35.97;1.72
35.95;1.72
35.93;1.71
35.91;1.7
35.89;1.7
35.86;1.69
35.82;1.68
35.79;1.67
35.74;1.66
35.7;1.65
35.64;1.64
35.58;1.63
35.51;1.62
35.43;1.6
35.34;1.58
35.24;1.56
35.13;1.54
35;1.52
34.87;1.5
34.71;1.47
34.54;1.44
34.36;1.41
34.16;1.38
33.94;1.34
33.71;1.3
33.46;1.26
33.19;1.22
32.91;1.17
32.61;1.12
32.29;1.07
31.96;1.02
31.62;0.97
31.27;0.91
30.91;0.85
30.54;0.79
30.16;0.73
29.77;0.66
29.38;0.6
28.99;0.53
28.59;0.46
28.19;0.39
27.79;0.32
27.4;0.25
27;0.18
26.6;0.11
26.21;0.04
25.82;-0.03
25.43;-0.11
25.04;-0.18
24.66;-0.26
24.29;-0.33
23.92;-0.41
23.55;-0.48
23.19;-0.56
22.83;-0.63
22.47;-0.71
22.12;-0.78
21.78;-0.86
21.44;-0.93
21.11;-1.01
20.78;-1.09
20.46;-1.16
20.14;-1.24
19.82;-1.31
19.51;-1.39
19.21;-1.47
18.91;-1.54
18.62;-1.62
18.33;-1.7
18.04;-1.77
17.76;-1.85
17.48;-1.93
17.21;-2
16.94;-2.08
16.68;-2.16
16.42;-2.23
16.16;-2.31
15.91;-2.38
15.67;-2.46
15.42;-2.54
15.19;-2.61
14.95;-2.69
14.72;-2.77
14.49;-2.84
14.27;-2.92
14.05;-3
13.83;-3.07
13.62;-3.15
13.41;-3.23
13.2;-3.3
13;-3.38
12.8;-3.46
12.6;-3.53
12.41;-3.61
12.22;-3.69
12.03;-3.76
11.85;-3.84
11.67;-3.92
11.49;-3.99
11.31;-4.07
11.14;-4.15
10.97;-4.22
10.81;-4.3
10.64;-4.38
10.48;-4.45
10.32;-4.53
10.16;-4.61
10.01;-4.68
9.86;-4.76
9.71;-4.84
9.57;-4.91
9.42;-4.99
9.28;-5.07
9.14;-5.14
9;-5.22
8.87;-5.3
8.74;-5.37
8.61;-5.45
8.48;-5.53
8.35;-5.6
8.23;-5.68
8.1;-5.76
7.98;-5.83
7.87;-5.91
7.75;-5.99
7.64;-6.06
7.52;-6.14
7.41;-6.22
7.3;-6.29
7.2;-6.37
7.09;-6.45
6.99;-6.52
6.89;-6.6
6.79;-6.68
6.69;-6.75
6.59;-6.83
6.49;-6.91
6.4;-6.98
6.31;-7.06
6.22;-7.14
6.13;-7.21
6.04;-7.29
5.95;-7.37
5.87;-7.44
5.78;-7.52
5.7;-7.6
5.62;-7.67
5.54;-7.75
5.46;-7.83
5.38;-7.9
5.31;-7.98
5.23;-8.06
5.16;-8.13
5.09;-8.21
5.02;-8.28
4.95;-8.36
4.88;-8.44
4.81;-8.51
4.74;-8.59
4.68;-8.67
4.61;-8.74
4.55;-8.82
4.49;-8.9
4.43;-8.97
4.37;-9.05
4.31;-9.13
4.25;-9.2
4.19;-9.28
4.13;-9.36
4.08;-9.43
4.02;-9.51
3.97;-9.59
3.92;-9.66
3.86;-9.74
3.81;-9.82
3.76;-9.89
3.71;-9.97
3.66;-10.05
3.62;-10.12
3.57;-10.2
3.52;-10.28
3.48;-10.35
3.43;-10.43
3.39;-10.51
3.34;-10.58
3.3;-10.66
3.26;-10.74
3.22;-10.81
3.18;-10.89
3.14;-10.97
3.1;-11.04
3.06;-11.12
3.02;-11.2
2.98;-11.27
2.95;-11.35
2.91;-11.43
2.87;-11.5
2.84;-11.58
2.8;-11.66
2.77;-11.73
2.74;-11.81
2.7;-11.89
2.67;-11.96
2.64;-12.04
2.61;-12.12
2.58;-12.19
2.55;-12.27
2.52;-12.35
2.49;-12.42
2.46;-12.5
2.43;-12.58
2.4;-12.65
2.37;-12.73
2.35;-12.81
2.32;-12.88
2.29;-12.96
2.27;-13.04
2.24;-13.11
2.22;-13.19
2.19;-13.27
2.17;-13.34
2.15;-13.42
2.12;-13.5
2.1;-13.57
2.08;-13.65
2.06;-13.73
2.03;-13.8
2.01;-13.88
1.99;-13.96
1.97;-14.03
1.95;-14.11
1.93;-14.19
1.91;-14.26
1.89;-14.34
1.87;-14.41
1.85;-14.49
1.83;-14.57
1.82;-14.64
1.8;-14.72
1.78;-14.8
1.76;-14.87
1.75;-14.95
1.73;-15.03
1.71;-15.1
1.7;-15.18
1.68;-15.26
1.66;-15.33
1.65;-15.41
1.63;-15.49
1.62;-15.56
1.6;-15.64
1.59;-15.72
1.57;-15.79
1.56;-15.87
1.55;-15.95
1.53;-16.02
1.52;-16.1
1.51;-16.18
1.49;-16.25
1.48;-16.33
1.47;-16.41
1.46;-16.48
1.44;-16.56
1.43;-16.64
1.42;-16.71
1.41;-16.79
1.4;-16.87
1.39;-16.94
1.37;-17.02
1.36;-17.1
1.35;-17.17
1.34;-17.25
1.33;-17.33
1.32;-17.4
1.31;-17.48
1.3;-17.56
1.29;-17.63
1.28;-17.71
1.27;-17.79
1.27;-17.86
1.26;-17.94
1.25;-18.02
1.24;-18.09
1.23;-18.17
1.22;-18.25
1.21;-18.32
1.2;-18.4
1.2;-18.48
1.19;-18.55
1.18;-18.63
1.17;-18.71
1.17;-18.78
1.16;-18.86
1.15;-18.94
1.14;-19.01
1.14;-19.09
1.13;-19.17
Is fitted;Parameter;Value;Min;Max;2.5%;97.5%;Unit
1;alpha;0.0264;0.00001;0.5;0.0232;0.0300;1/cm
1;n;3.044;0.5;15;2.180;4.251;-
1;th_r;0.007;0;0.4;-0.017;0.031;cm³/cm³
1;th_s;0.361;0.1;1;0.357;0.365;cm³/cm³
1;m;0.117;0.01;1;0.065;0.169;-
0;Ks;58.5;0.01;10000;;;cm/d
1;tau;3.136;-1;10;2.378;3.895;-
 ;alpha;n;th_r;th_s;m;Ks;tau
 ;1;0.743;-0.507;-0.107;0.45;-0.847;
alpha;0.743;1;-0.31;-0.557;0.591;-0.958;
n;-0.507;-0.31;1;0.125;-0.695;0.543;
th_r;-0.107;-0.557;0.125;1;-0.512;0.502;
th_s;0.45;0.591;-0.695;-0.512;1;-0.698;
m;-0.847;-0.958;0.543;0.502;-0.698;1;
Name;Value
RMSE_TH;0.0251
RMSE_K;0.3534
AICc;21
pF [-];Water content [Vol %]
1.8;29.57
2.5;17.36
4.2;4.86
